,Rattus_norvegicus_Brown_rat,Equus_asinus_Donkey,Xenopus_tropicalis_Western_clawed_frog,Homo_sapiens_Human,Pan_paniscus_Bonobo,Pan_troglodytes_Chimpanzee,Gobionotothen_gibberifrons_Humped_rockcod,Gadus_morhua_Atlantic_cod,Liparis_tunicatus_Kelp_snailfish,Arctogadus_glacialis_Arctic_cod,Bos_mutus_grunniens_Wild_yak,Tachyglossus_aculeatus_aculeatus_Echidna,Xenopus_laevis_African_clawed_frog,Oncorhynchus_mykiss_Rainbow_trout,Pongo_pygmaeus_Bornean_orangutan,Pleurodeles_waltl_Iberian_ribbed_newt,Capra_hircus_Goat,Tadarida_brasiliensis_Mexican_free-tailed_bat,Iguana_iguana_Iguana,Varecia_variegata_Lemur,Notothenia_angustata_Black_cod,Arctocephalus_galapagoensis_Galapagos_seal,Trematomus_newnesi_Emerald_rockcod,Stercorarius_maccormicki_South_Polar_Skua,Anarhichas_minor_Spotted_wolffish,Hapalemur_griseus_Eastern_lesser_bamboo_lemur,Naja_naja_Indian_cobra,Hylobates_lar_Lar_gibbon,Bubalus_bubalis_Water_buffalo,Equus_grevyi_Grevys_zebra,Equus_quagga_burchellii_Burchells_zebra,Nomonyx_dominicus_Masked_duck,Melanitta_fusca_Velvet_scoter,Somateria_fischeri_Spectacled_eider,Clangula_hyemalis_Long-tailed_duck,Dendrocygna_eytoni_Plumed_whistling_duck,Oxyura_vittata_Lake_duck,Somateria_spectabilis_King_eider,Callonetta_leucophrys_Ringed_teal,Tadorna_tadornoides_Australian_shelduck,Chenonetta_jubata_Maned_duck,Anser_anser_Greylag_goose,Anser_cygnoides_Swan_goose,Puma_concolor_Cougar,Plecturocebus_moloch_Silvery_marmoset,Branta_bernicla_Brent_goose,Branta_canadensis_Canada_goose,Branta_leucopsis_Barnacle_goose,Branta_sandvicensis_Nene,Anser_caerulescens_Snow_goose,Anser_rossii_Rosss_goose,Anser_canagicus_Emperor_goose,Anser_cygnoides_Swan_goose,Anser_indicus_Bar-headed_goose,Anser_albifrons_White-fronted_goose,Anser_anser_Greylag_goose,Anser_fabalis_Bean_goose,Cygnus_buccinator_Trumpeter_swan,Cygnus_atratus_Black_swan,Cygnus_columbianus_Tundra_swan,Cygnus_olor_Mute_swan,Cygnus_melancoryphus_Black-necked_swan,Coscoroba_coscoroba_Coscoroba_swan,Cereopsis_novaehollandiae_Cape_Barren_goose,Chloephaga_picta_leucoptera_Southern_shelduck,Chloephaga_poliocephala_Ashy-headed_goose,Chloephaga_hybrida_malvinarum_Kelp_goose,Chloephaga_rubidiceps_Ruddy-headed_goose,Chloephaga_melanoptera_Andean_goose,Neochen_jubata_Orinoco_goose,Oxyura_ferruginea_Andean_duck,Oxyura_jamaicensis_jamaicensis_Ruddy_duck,Torpedo_marmorata_Marbled_electric_ray,Aldabrachelys_gigantea_Seychelles_giant_tortoise,Malacorhynchus_membranaceus_Pink-eared_duck,Biziura_lobata_Musk_duck,Tursiops_truncatus_Bottlenose_dolphin,Castor_fiber_European_beaver,Pan_troglodytes_Chimpanzee,Pongo_abelii_Sumatran_orangutan,Odobenus_rosmarus_divergens_Pacific_walrus,Delphinapterus_leucas_Beluga_whale,Liparis_tanakae_Tanakas_snailfish,Zalophus_californianus_California_sea_lion,Octodon_degus_Common_degu,Dromas_ardeola_Crab-plover,Alca_torda_Razorbill,Chionis_minor_Black-faced_sheathbill,Ibidorhyncha_struthersii_Ibisbill,Herpetotheres_cachinnans_Laughing_falcon,Nycticryphes_semicollaris_Night_parrot,Himantopus_himantopus_Black-winged_stilt,Cepphus_grylle_Black_guillemot,Jaculus_jaculus_Lesser_Egyptian_jerboa,Mustela_putorius_furo_Domesticated_ferret,Papio_anubis_Olive_baboon,Sorex_araneus_Common_shrew,Gadus_morhua_Atlantic_cod,Oncorhynchus_mykiss_Rainbow_trout,Anoplopoma_fimbria_Sablefish,Homo_sapiens_Human,Scalopus_aquaticus_Eastern_mole,Macaca_mulatta_Rhesus_macaque,Oryctolagus_cuniculus_European_rabbit,Condylura_cristata_Star-nosed_mole,Homo_sapiens_Human,Xenopus_laevis_African_clawed_frog,Sphoeroides_nephelus_Southern_puffer
Rattus_norvegicus_Brown_rat,0,33,61,31,31,31,71,75,76,75,33,47,62,63,32,73,33,34,66,38,69,31,73,48,69,37,62,31,33,38,32,63,63,62,62,64,63,62,63,64,63,62,61,31,30,62,61,61,61,61,61,61,61,59,61,61,61,64,64,64,64,63,60,60,62,62,62,62,63,61,63,63,82,58,62,62,34,37,31,32,31,34,77,31,30,46,48,51,49,57,49,49,48,29,29,34,29,74,62,74,31,33,31,31,27,31,60,87
Equus_asinus_Donkey,33,0,61,20,20,20,70,74,73,75,21,44,60,62,22,62,17,22,61,28,67,26,72,46,68,30,54,22,19,6,3,60,58,57,57,61,60,57,58,59,58,57,57,26,21,58,57,57,57,57,57,57,57,57,57,57,57,60,60,60,60,59,56,55,58,58,58,58,58,57,60,60,79,49,59,59,28,31,20,22,24,29,73,25,25,44,45,46,47,51,46,45,45,27,24,23,23,73,61,72,20,28,19,25,24,21,58,86
Xenopus_tropicalis_Western_clawed_frog,61,61,0,60,60,60,79,86,81,86,62,69,26,75,60,66,62,60,70,64,78,61,82,64,77,63,66,59,61,64,60,63,66,66,66,64,63,66,65,66,66,65,64,64,60,63,64,64,64,64,64,64,64,65,64,64,64,64,64,64,64,64,66,67,65,65,65,65,66,65,63,63,84,65,63,63,64,60,60,60,61,64,78,62,62,63,63,64,64,60,62,63,63,60,62,57,60,83,74,75,60,62,62,59,60,61,26,93
Homo_sapiens_Human,31,20,60,0,0,0,74,75,70,73,19,38,62,64,3,62,19,19,62,18,72,21,75,44,70,22,55,2,18,26,21,61,59,58,59,61,61,58,59,62,58,60,60,19,5,61,60,60,60,60,60,60,60,60,60,60,60,62,61,62,61,62,60,60,60,60,60,60,60,59,61,61,78,51,60,61,23,28,0,2,20,22,70,20,20,43,42,43,47,52,43,43,42,26,17,11,20,73,63,69,0,28,6,25,21,1,59,84
Pan_paniscus_Bonobo,31,20,60,0,0,0,74,75,70,73,19,38,62,64,3,62,19,19,62,18,72,21,75,44,70,22,55,2,18,26,21,61,59,58,59,61,61,58,59,62,58,60,60,19,5,61,60,60,60,60,60,60,60,60,60,60,60,62,61,62,61,62,60,60,60,60,60,60,60,59,61,61,78,51,60,61,23,28,0,2,20,22,70,20,20,43,42,43,47,52,43,43,42,26,17,11,20,73,63,69,0,28,6,25,21,1,59,84
Pan_troglodytes_Chimpanzee,31,20,60,0,0,0,74,75,70,73,19,38,62,64,3,62,19,19,62,18,72,21,75,44,70,22,55,2,18,26,21,61,59,58,59,61,61,58,59,62,58,60,60,19,5,61,60,60,60,60,60,60,60,60,60,60,60,62,61,62,61,62,60,60,60,60,60,60,60,59,61,61,78,51,60,61,23,28,0,2,20,22,70,20,20,43,42,43,47,52,43,43,42,26,17,11,20,73,63,69,0,28,6,25,21,1,59,84
Gobionotothen_gibberifrons_Humped_rockcod,71,70,79,74,74,74,0,55,47,56,73,75,78,63,75,81,74,70,77,74,6,74,10,73,45,75,74,74,74,73,71,70,73,73,70,69,70,73,71,72,72,69,70,72,73,70,69,69,69,69,69,69,69,67,69,69,69,72,72,72,72,72,70,72,71,71,71,71,71,72,70,70,91,71,70,69,68,75,74,75,72,69,45,72,71,74,73,73,74,73,74,74,73,68,73,76,74,56,64,43,74,76,74,74,76,75,81,73
Gadus_morhua_Atlantic_cod,75,74,86,75,75,75,55,0,44,45,74,74,87,51,75,83,73,73,86,77,55,74,57,74,41,78,80,75,74,77,73,77,77,77,79,77,77,77,78,77,77,77,77,75,73,78,77,77,77,77,77,77,77,77,77,77,77,79,79,79,79,77,77,77,77,77,77,77,77,77,77,77,91,79,76,76,76,74,75,75,74,76,46,74,74,73,73,75,74,78,74,74,73,76,72,75,73,7,50,43,75,78,74,79,75,76,88,68
Liparis_tunicatus_Kelp_snailfish,76,73,81,70,70,70,47,44,0,52,75,71,82,56,70,78,73,72,83,71,46,71,45,74,48,72,84,70,75,78,72,79,79,79,78,78,79,79,77,78,78,74,74,70,72,76,74,74,74,74,74,74,74,74,74,74,74,77,77,77,77,78,79,80,78,78,78,78,78,79,79,79,82,76,78,77,74,76,70,70,69,74,8,69,72,73,73,76,75,77,75,74,73,78,69,72,71,47,53,43,70,76,70,76,73,71,83,66
Arctogadus_glacialis_Arctic_cod,75,75,86,73,73,73,56,45,52,0,74,75,84,58,72,84,73,72,87,76,58,76,56,75,47,75,80,72,73,79,74,81,79,79,80,79,81,79,79,81,77,79,79,75,73,78,79,79,79,79,79,79,79,78,79,79,79,80,80,80,80,80,80,80,80,80,80,80,80,79,81,81,88,75,80,80,74,77,73,72,73,74,54,73,73,74,75,77,76,74,75,76,75,72,73,73,70,45,55,47,73,78,73,77,73,74,84,64
Bos_mutus_grunniens_Wild_yak,33,21,62,19,19,19,73,74,75,74,0,43,64,57,22,64,12,22,64,26,71,30,75,42,68,28,56,21,8,26,21,58,56,55,55,59,58,55,56,59,56,57,57,27,19,58,57,57,57,57,57,57,57,57,57,57,57,59,59,59,59,59,56,56,56,56,56,56,56,55,58,58,77,53,58,57,27,28,19,21,28,26,75,28,24,42,43,44,45,53,43,44,43,27,27,24,20,73,58,73,19,26,19,27,23,20,61,84
Tachyglossus_aculeatus_aculeatus_Echidna,47,44,69,38,38,38,75,74,71,75,43,0,71,67,39,68,46,45,66,40,73,40,76,50,72,42,66,38,44,48,44,61,57,56,58,62,61,56,59,60,58,61,62,41,38,60,61,61,61,61,61,61,61,63,61,61,61,60,60,60,59,60,60,60,58,58,58,58,58,57,61,61,82,58,60,60,45,46,38,39,39,44,69,39,42,51,50,53,54,60,53,50,50,40,38,40,44,72,68,74,38,51,36,49,46,38,69,85
Xenopus_laevis_African_clawed_frog,62,60,26,62,62,62,78,87,82,84,64,71,0,77,62,70,63,62,71,61,77,63,79,65,78,59,73,61,63,63,59,64,68,68,68,64,64,68,67,67,67,67,66,64,62,64,66,66,66,66,66,66,66,65,66,66,66,65,65,65,65,65,68,68,67,67,67,67,68,67,64,64,85,66,66,67,62,60,62,62,63,62,81,64,62,63,64,65,66,61,63,64,64,59,62,59,63,86,75,79,62,64,64,58,58,63,7,94
Oncorhynchus_mykiss_Rainbow_trout,63,62,75,64,64,64,63,51,56,58,57,67,77,0,65,76,57,61,79,65,61,66,65,67,46,64,72,64,58,65,60,72,70,70,70,72,72,70,69,71,70,69,69,61,61,70,69,69,69,69,69,69,69,71,69,69,69,73,73,73,73,72,72,72,70,70,70,70,70,70,72,72,87,76,71,71,65,70,64,65,65,65,54,64,64,66,67,71,69,72,69,70,67,66,63,64,59,49,6,53,64,67,61,67,59,65,77,75
Pongo_pygmaeus_Bornean_orangutan,32,22,60,3,3,3,75,75,70,72,22,39,62,65,0,63,21,20,62,19,73,21,76,45,72,20,56,3,19,28,23,63,61,60,61,63,63,60,61,64,60,61,61,21,6,62,61,61,61,61,61,61,61,61,61,61,61,64,63,64,63,63,61,61,62,62,62,62,62,61,63,63,78,51,62,63,25,30,3,1,20,24,71,20,20,44,44,45,48,52,45,44,44,28,18,13,22,73,64,70,3,30,9,25,24,4,59,85
Pleurodeles_waltl_Iberian_ribbed_newt,73,62,66,62,62,62,81,83,78,84,64,68,70,76,63,0,64,65,74,68,80,66,80,71,77,69,74,63,64,64,62,70,71,71,71,73,70,71,71,71,73,70,71,65,62,69,70,70,70,70,70,70,70,72,70,70,70,72,71,72,71,69,70,70,71,71,71,71,71,72,70,70,86,67,70,71,68,66,62,63,64,68,77,65,64,69,69,69,69,74,69,70,69,63,66,64,66,81,74,74,62,69,64,71,67,63,69,95
Capra_hircus_Goat,33,17,62,19,19,19,74,73,73,73,12,46,63,57,21,64,0,21,64,29,70,30,76,46,69,31,55,20,9,22,16,62,60,59,59,63,62,59,60,63,60,61,61,25,17,62,61,61,61,61,61,61,61,61,61,61,61,63,63,63,63,63,60,59,60,60,60,60,60,59,62,62,79,54,62,61,28,27,19,20,28,27,73,28,26,43,44,46,48,49,45,46,44,27,26,23,20,72,56,70,19,27,17,27,22,20,60,87
Tadarida_brasiliensis_Mexican_free-tailed_bat,34,22,60,19,19,19,70,73,72,72,22,45,62,61,20,65,21,0,60,24,67,25,70,43,71,30,51,18,21,28,23,64,61,60,59,64,64,60,61,63,60,63,63,26,18,64,63,63,63,63,63,63,63,63,63,63,63,65,65,65,65,65,62,62,62,62,62,62,62,61,64,64,77,51,63,63,31,29,19,19,24,31,71,24,28,45,45,44,46,52,43,45,45,30,23,23,21,71,62,71,19,32,19,27,26,20,59,82
Iguana_iguana_Iguana,66,61,70,62,62,62,77,86,83,87,64,66,71,79,62,74,64,60,0,63,77,65,79,63,84,65,52,62,65,65,59,68,69,69,70,70,68,69,71,70,70,72,72,66,62,71,71,71,71,71,71,71,71,73,71,71,71,70,70,70,70,70,69,69,70,70,70,70,71,69,68,68,86,67,69,69,65,66,62,62,66,65,81,66,62,65,64,65,65,65,65,65,64,66,66,61,62,83,80,81,62,64,62,66,60,63,72,94
Varecia_variegata_Lemur,38,28,64,18,18,18,74,77,71,76,26,40,61,65,19,68,29,24,63,0,71,26,74,41,73,13,58,18,28,34,29,65,65,64,65,65,65,64,65,66,64,64,64,23,19,65,64,64,64,64,64,64,64,64,64,64,64,66,65,66,65,66,64,64,65,65,65,65,65,64,65,65,80,51,64,65,28,29,18,19,23,27,71,22,25,43,44,41,46,51,42,42,44,31,19,24,27,76,67,74,18,33,20,26,26,19,59,83
Notothenia_angustata_Black_cod,69,67,78,72,72,72,6,55,46,58,71,73,77,61,73,80,70,67,77,71,0,70,9,70,46,73,70,72,72,70,68,70,73,73,70,68,70,73,71,72,72,69,70,70,71,70,69,69,69,69,69,69,69,67,69,69,69,72,72,72,72,72,70,72,71,71,71,71,71,72,70,70,91,69,70,69,67,72,72,73,69,68,43,69,69,71,70,70,71,72,71,71,70,66,70,73,71,56,62,46,72,73,71,72,73,73,80,72
Arctocephalus_galapagoensis_Galapagos_seal,31,26,61,21,21,21,74,74,71,76,30,40,63,66,21,66,30,25,65,26,70,0,74,47,73,27,59,21,31,32,28,62,61,60,59,62,62,60,61,62,60,60,60,16,22,61,60,60,60,60,60,60,60,60,60,60,60,63,63,63,63,62,59,59,61,61,61,61,62,60,62,62,80,51,61,61,31,32,21,21,3,30,72,5,24,46,46,47,48,53,47,45,46,30,9,28,22,74,65,72,21,28,23,28,24,22,62,81
Trematomus_newnesi_Emerald_rockcod,73,72,82,75,75,75,10,57,45,56,75,76,79,65,76,80,76,70,79,74,9,74,0,74,51,74,73,75,76,75,73,73,75,75,73,71,73,75,74,75,74,72,73,73,76,73,72,72,72,72,72,72,72,70,72,72,72,75,75,75,75,75,72,74,74,74,74,74,74,74,73,73,90,70,73,72,70,75,75,76,72,71,42,72,72,75,74,73,74,75,76,75,74,69,73,75,74,58,66,47,75,77,74,73,78,76,82,75
Stercorarius_maccormicki_South_Polar_Skua,48,46,64,44,44,44,73,74,74,75,42,50,65,67,45,71,46,43,63,41,70,47,74,0,74,46,56,44,45,49,45,58,57,56,57,59,58,56,58,60,57,56,56,44,43,56,56,56,56,56,56,56,56,56,56,56,56,57,57,57,57,56,55,55,57,57,57,57,57,56,58,58,82,40,59,58,46,46,44,45,44,46,74,43,48,4,4,6,10,20,6,5,4,43,40,46,46,72,69,76,44,52,44,47,41,45,64,86
Anarhichas_minor_Spotted_wolffish,69,68,77,70,70,70,45,41,48,47,68,72,78,46,72,77,69,71,84,73,46,73,51,74,0,76,73,71,68,71,68,69,68,68,68,71,69,68,67,68,69,66,66,71,69,68,66,66,66,66,66,66,66,68,66,66,66,69,69,69,69,69,69,71,67,67,67,67,67,68,69,69,94,73,68,68,71,74,70,72,71,70,47,70,71,72,72,74,71,79,71,72,72,71,72,71,70,38,45,22,70,73,70,76,71,70,80,61
Hapalemur_griseus_Eastern_lesser_bamboo_lemur,37,30,63,22,22,22,75,78,72,75,28,42,59,64,20,69,31,30,65,13,73,27,74,46,76,0,59,20,27,36,31,66,66,65,66,65,66,65,66,67,64,65,65,26,22,66,65,65,65,65,65,65,65,64,65,65,65,67,66,67,66,67,65,65,66,66,66,66,67,65,66,66,80,53,65,66,31,30,22,20,26,30,73,25,26,47,48,48,52,52,49,48,48,31,23,26,28,79,66,76,22,35,24,24,29,23,58,85
Naja_naja_Indian_cobra,62,54,66,55,55,55,74,80,84,80,56,66,73,72,56,74,55,51,52,58,70,59,73,56,73,59,0,55,57,59,54,69,66,66,66,69,69,66,67,70,66,71,71,60,55,70,71,71,71,71,71,71,71,73,71,71,71,70,70,70,70,70,68,68,69,69,69,69,69,68,69,69,88,56,68,68,62,60,55,56,57,62,79,57,58,57,57,59,59,61,58,57,57,56,57,54,53,77,73,76,55,58,56,61,54,56,72,89
Hylobates_lar_Lar_gibbon,31,22,59,2,2,2,74,75,70,72,21,38,61,64,3,63,20,18,62,18,72,21,75,44,71,20,55,0,18,28,23,63,61,60,61,63,63,60,61,64,60,62,62,19,3,63,62,62,62,62,62,62,62,62,62,62,62,64,63,64,63,64,62,62,62,62,62,62,62,61,63,63,79,51,62,63,25,28,2,2,20,24,70,20,20,43,42,43,47,51,43,43,42,26,17,13,19,73,63,69,2,30,8,25,21,3,58,85
Bubalus_bubalis_Water_buffalo,33,19,61,18,18,18,74,74,75,73,8,44,63,58,19,64,9,21,65,28,72,31,76,45,68,27,57,18,0,24,18,58,57,56,56,59,58,56,57,60,57,58,58,26,15,59,58,58,58,58,58,58,58,58,58,58,58,60,60,60,60,59,56,55,57,57,57,57,57,56,58,58,79,53,58,57,25,27,18,18,29,24,75,29,25,42,43,45,48,52,44,45,43,26,27,22,19,73,57,72,18,26,16,28,23,19,60,87
Equus_grevyi_Grevys_zebra,38,6,64,26,26,26,73,77,78,79,26,48,63,65,28,64,22,28,65,34,70,32,75,49,71,36,59,28,24,0,9,63,61,60,60,64,63,60,61,62,61,61,61,31,27,61,61,61,61,61,61,61,61,61,61,61,61,63,63,63,63,62,59,58,61,61,61,61,61,60,63,63,82,52,62,62,34,36,26,28,30,35,78,31,31,47,48,49,50,54,49,48,48,32,30,29,29,76,64,74,26,34,25,31,30,27,62,88
Equus_quagga_burchellii_Burchells_zebra,32,3,60,21,21,21,71,73,72,74,21,44,59,60,23,62,16,23,59,29,68,28,73,45,68,31,54,23,18,9,0,59,58,57,57,60,59,57,58,58,58,57,56,25,20,57,56,56,56,56,56,56,56,56,56,56,56,59,59,59,59,58,55,54,57,57,57,57,57,56,59,59,79,50,58,58,31,31,21,23,26,31,72,27,26,42,43,48,47,50,46,46,43,27,25,21,23,72,59,71,21,27,18,27,22,22,57,86
Nomonyx_dominicus_Masked_duck,63,60,63,61,61,61,70,77,79,81,58,61,64,72,63,70,62,64,68,65,70,62,73,58,69,66,69,63,58,63,59,0,8,7,9,4,0,7,7,9,9,11,11,65,61,8,10,10,10,10,10,10,10,12,10,10,10,7,6,7,6,5,7,7,6,6,6,6,7,7,0,0,81,59,3,5,59,60,61,62,63,59,78,62,63,57,58,56,59,63,58,59,58,60,62,59,60,74,71,72,61,61,61,63,59,62,64,83
Melanitta_fusca_Velvet_scoter,63,58,66,59,59,59,73,77,79,79,56,57,68,70,61,71,60,61,69,65,73,61,75,57,68,66,66,61,57,61,58,8,0,1,5,10,8,1,4,7,3,13,14,64,59,12,13,13,13,13,13,13,13,15,13,13,13,11,10,11,9,10,9,10,4,4,4,4,5,3,8,8,80,56,9,10,61,62,59,60,62,61,78,61,63,56,57,57,58,65,57,58,57,58,61,59,59,74,69,72,59,60,59,63,58,60,66,83
Somateria_fischeri_Spectacled_eider,62,57,66,58,58,58,73,77,79,79,55,56,68,70,60,71,59,60,69,64,73,60,75,56,68,65,66,60,56,60,57,7,1,0,4,9,7,0,3,6,2,12,13,63,58,11,12,12,12,12,12,12,12,14,12,12,12,10,9,10,8,9,8,9,3,3,3,3,4,2,7,7,80,56,8,9,60,61,58,59,61,60,78,60,62,55,56,56,57,64,56,57,56,57,60,58,58,74,69,72,58,59,58,62,57,59,66,83
Clangula_hyemalis_Long-tailed_duck,62,57,66,59,59,59,70,79,78,80,55,58,68,70,61,71,59,59,70,65,70,59,73,57,68,66,66,61,56,60,57,9,5,4,0,9,9,4,3,8,4,12,13,63,59,11,12,12,12,12,12,12,12,14,12,12,12,11,11,11,10,11,10,11,5,5,5,5,6,6,9,9,81,57,10,10,60,62,59,60,60,60,77,59,61,56,57,57,58,63,57,58,57,56,61,58,58,76,69,72,59,59,58,62,58,60,66,83
Dendrocygna_eytoni_Plumed_whistling_duck,64,61,64,61,61,61,69,77,78,79,59,62,64,72,63,73,63,64,70,65,68,62,71,59,71,65,69,63,59,64,60,4,10,9,9,0,4,9,7,11,7,12,12,66,61,9,11,11,11,11,11,11,11,13,11,11,11,10,9,10,9,8,10,10,8,8,8,8,9,9,4,4,80,61,5,5,59,59,61,62,63,59,77,62,63,59,59,57,61,62,59,60,59,61,62,59,61,75,71,74,61,61,61,64,60,62,64,83
Oxyura_vittata_Lake_duck,63,60,63,61,61,61,70,77,79,81,58,61,64,72,63,70,62,64,68,65,70,62,73,58,69,66,69,63,58,63,59,0,8,7,9,4,0,7,7,9,9,11,11,65,61,8,10,10,10,10,10,10,10,12,10,10,10,7,6,7,6,5,7,7,6,6,6,6,7,7,0,0,81,59,3,5,59,60,61,62,63,59,78,62,63,57,58,56,59,63,58,59,58,60,62,59,60,74,71,72,61,61,61,63,59,62,64,83
Somateria_spectabilis_King_eider,62,57,66,58,58,58,73,77,79,79,55,56,68,70,60,71,59,60,69,64,73,60,75,56,68,65,66,60,56,60,57,7,1,0,4,9,7,0,3,6,2,12,13,63,58,11,12,12,12,12,12,12,12,14,12,12,12,10,9,10,8,9,8,9,3,3,3,3,4,2,7,7,80,56,8,9,60,61,58,59,61,60,78,60,62,55,56,56,57,64,56,57,56,57,60,58,58,74,69,72,58,59,58,62,57,59,66,83
Callonetta_leucophrys_Ringed_teal,63,58,65,59,59,59,71,78,77,79,56,59,67,69,61,71,60,61,71,65,71,61,74,58,67,66,67,61,57,61,58,7,4,3,3,7,7,3,0,7,3,9,10,64,59,8,9,9,9,9,9,9,9,11,9,9,9,9,8,9,9,9,10,11,4,4,4,4,5,5,7,7,80,58,8,9,61,62,59,60,62,61,76,61,63,57,58,58,59,64,58,59,58,58,61,59,59,75,68,71,59,60,59,63,58,60,65,82
Tadorna_tadornoides_Australian_shelduck,64,59,66,62,62,62,72,77,78,81,59,60,67,71,64,71,63,63,70,66,72,62,75,60,68,67,70,64,60,62,58,9,7,6,8,11,9,6,7,0,8,14,14,65,62,12,13,13,13,13,13,13,13,15,13,13,13,11,10,11,9,10,11,12,3,3,3,3,4,4,9,9,82,57,8,11,63,62,62,63,63,63,77,62,65,59,60,60,61,68,60,61,60,62,62,61,61,75,70,71,62,61,62,64,60,63,65,81
Chenonetta_jubata_Maned_duck,63,58,66,58,58,58,72,77,78,77,56,58,67,70,60,73,60,60,70,64,72,60,74,57,69,64,66,60,57,61,58,9,3,2,4,7,9,2,3,8,0,12,13,64,58,11,12,12,12,12,12,12,12,14,12,12,12,12,11,12,10,11,10,11,5,5,5,5,6,4,9,9,79,58,10,11,60,60,58,59,61,60,77,60,62,57,57,57,59,62,57,58,57,58,60,58,59,75,69,73,58,59,58,62,58,59,65,83
Anser_anser_Greylag_goose,62,57,65,60,60,60,69,77,74,79,57,61,67,69,61,70,61,63,72,64,69,60,72,56,66,65,71,62,58,61,57,11,13,12,12,12,11,12,9,14,12,0,2,63,60,3,1,1,1,1,1,1,1,3,1,1,1,8,7,8,8,6,8,10,11,11,11,11,12,12,11,11,82,56,13,13,61,61,60,61,61,61,73,60,63,55,56,57,57,62,57,57,56,62,60,59,59,74,68,71,60,59,60,63,60,61,65,82
Anser_cygnoides_Swan_goose,61,57,64,60,60,60,70,77,74,79,57,62,66,69,61,71,61,63,72,64,70,60,73,56,66,65,71,62,58,61,56,11,14,13,13,12,11,13,10,14,13,2,0,63,60,3,1,1,1,1,1,1,1,3,1,1,1,8,7,8,8,6,8,10,11,11,11,11,12,12,11,11,82,57,13,13,61,60,60,61,61,61,73,60,63,55,56,57,57,62,57,57,56,63,60,58,59,75,68,71,60,59,60,63,60,61,64,82
Puma_concolor_Cougar,31,26,64,19,19,19,72,75,70,75,27,41,64,61,21,65,25,26,66,23,70,16,73,44,71,26,60,19,26,31,25,65,64,63,63,66,65,63,64,65,64,63,63,0,19,64,63,63,63,63,63,63,63,63,63,63,63,64,64,64,64,65,62,62,64,64,64,64,64,63,65,65,79,49,64,64,32,32,19,21,16,31,70,15,28,41,41,45,46,53,45,43,41,28,11,26,25,75,60,68,19,31,21,30,21,20,63,84
Plecturocebus_moloch_Silvery_marmoset,30,21,60,5,5,5,73,73,72,73,19,38,62,61,6,62,17,18,62,19,71,22,76,43,69,22,55,3,15,27,20,61,59,58,59,61,61,58,59,62,58,60,60,19,0,61,60,60,60,60,60,60,60,60,60,60,60,63,62,63,62,62,60,60,60,60,60,60,60,59,61,61,80,51,60,61,25,28,5,5,21,24,72,21,19,41,40,42,46,50,42,42,40,24,18,14,19,71,60,70,5,28,7,27,19,6,59,85
Branta_bernicla_Brent_goose,62,58,63,61,61,61,70,78,76,78,58,60,64,70,62,69,62,64,71,65,70,61,73,56,68,66,70,63,59,61,57,8,12,11,11,9,8,11,8,12,11,3,3,64,61,0,2,2,2,2,2,2,2,4,2,2,2,5,4,5,5,3,7,7,9,9,9,9,10,10,8,8,83,57,10,12,61,61,61,62,62,61,75,61,64,55,56,57,57,62,57,57,56,61,61,59,60,75,69,71,61,60,61,64,61,62,63,83
Branta_canadensis_Canada_goose,61,57,64,60,60,60,69,77,74,79,57,61,66,69,61,70,61,63,71,64,69,60,72,56,66,65,71,62,58,61,56,10,13,12,12,11,10,12,9,13,12,1,1,63,60,2,0,0,0,0,0,0,0,2,0,0,0,7,6,7,7,5,7,9,10,10,10,10,11,11,10,10,82,56,12,12,61,60,60,61,61,61,73,60,63,55,56,57,57,62,57,57,56,62,60,58,59,74,68,71,60,59,60,63,60,61,64,82
Branta_leucopsis_Barnacle_goose,61,57,64,60,60,60,69,77,74,79,57,61,66,69,61,70,61,63,71,64,69,60,72,56,66,65,71,62,58,61,56,10,13,12,12,11,10,12,9,13,12,1,1,63,60,2,0,0,0,0,0,0,0,2,0,0,0,7,6,7,7,5,7,9,10,10,10,10,11,11,10,10,82,56,12,12,61,60,60,61,61,61,73,60,63,55,56,57,57,62,57,57,56,62,60,58,59,74,68,71,60,59,60,63,60,61,64,82
Branta_sandvicensis_Nene,61,57,64,60,60,60,69,77,74,79,57,61,66,69,61,70,61,63,71,64,69,60,72,56,66,65,71,62,58,61,56,10,13,12,12,11,10,12,9,13,12,1,1,63,60,2,0,0,0,0,0,0,0,2,0,0,0,7,6,7,7,5,7,9,10,10,10,10,11,11,10,10,82,56,12,12,61,60,60,61,61,61,73,60,63,55,56,57,57,62,57,57,56,62,60,58,59,74,68,71,60,59,60,63,60,61,64,82
Anser_caerulescens_Snow_goose,61,57,64,60,60,60,69,77,74,79,57,61,66,69,61,70,61,63,71,64,69,60,72,56,66,65,71,62,58,61,56,10,13,12,12,11,10,12,9,13,12,1,1,63,60,2,0,0,0,0,0,0,0,2,0,0,0,7,6,7,7,5,7,9,10,10,10,10,11,11,10,10,82,56,12,12,61,60,60,61,61,61,73,60,63,55,56,57,57,62,57,57,56,62,60,58,59,74,68,71,60,59,60,63,60,61,64,82
Anser_rossii_Rosss_goose,61,57,64,60,60,60,69,77,74,79,57,61,66,69,61,70,61,63,71,64,69,60,72,56,66,65,71,62,58,61,56,10,13,12,12,11,10,12,9,13,12,1,1,63,60,2,0,0,0,0,0,0,0,2,0,0,0,7,6,7,7,5,7,9,10,10,10,10,11,11,10,10,82,56,12,12,61,60,60,61,61,61,73,60,63,55,56,57,57,62,57,57,56,62,60,58,59,74,68,71,60,59,60,63,60,61,64,82
Anser_canagicus_Emperor_goose,61,57,64,60,60,60,69,77,74,79,57,61,66,69,61,70,61,63,71,64,69,60,72,56,66,65,71,62,58,61,56,10,13,12,12,11,10,12,9,13,12,1,1,63,60,2,0,0,0,0,0,0,0,2,0,0,0,7,6,7,7,5,7,9,10,10,10,10,11,11,10,10,82,56,12,12,61,60,60,61,61,61,73,60,63,55,56,57,57,62,57,57,56,62,60,58,59,74,68,71,60,59,60,63,60,61,64,82
Anser_cygnoides_Swan_goose,61,57,64,60,60,60,69,77,74,79,57,61,66,69,61,70,61,63,71,64,69,60,72,56,66,65,71,62,58,61,56,10,13,12,12,11,10,12,9,13,12,1,1,63,60,2,0,0,0,0,0,0,0,2,0,0,0,7,6,7,7,5,7,9,10,10,10,10,11,11,10,10,82,56,12,12,61,60,60,61,61,61,73,60,63,55,56,57,57,62,57,57,56,62,60,58,59,74,68,71,60,59,60,63,60,61,64,82
Anser_indicus_Bar-headed_goose,59,57,65,60,60,60,67,77,74,78,57,63,65,71,61,72,61,63,73,64,67,60,70,56,68,64,73,62,58,61,56,12,15,14,14,13,12,14,11,15,14,3,3,63,60,4,2,2,2,2,2,2,2,0,2,2,2,9,8,9,9,7,9,11,12,12,12,12,13,13,12,12,81,58,14,14,61,60,60,61,61,61,75,60,63,55,56,57,57,61,57,57,56,60,60,58,59,76,70,73,60,60,60,62,60,61,63,82
Anser_albifrons_White-fronted_goose,61,57,64,60,60,60,69,77,74,79,57,61,66,69,61,70,61,63,71,64,69,60,72,56,66,65,71,62,58,61,56,10,13,12,12,11,10,12,9,13,12,1,1,63,60,2,0,0,0,0,0,0,0,2,0,0,0,7,6,7,7,5,7,9,10,10,10,10,11,11,10,10,82,56,12,12,61,60,60,61,61,61,73,60,63,55,56,57,57,62,57,57,56,62,60,58,59,74,68,71,60,59,60,63,60,61,64,82
Anser_anser_Greylag_goose,61,57,64,60,60,60,69,77,74,79,57,61,66,69,61,70,61,63,71,64,69,60,72,56,66,65,71,62,58,61,56,10,13,12,12,11,10,12,9,13,12,1,1,63,60,2,0,0,0,0,0,0,0,2,0,0,0,7,6,7,7,5,7,9,10,10,10,10,11,11,10,10,82,56,12,12,61,60,60,61,61,61,73,60,63,55,56,57,57,62,57,57,56,62,60,58,59,74,68,71,60,59,60,63,60,61,64,82
Anser_fabalis_Bean_goose,61,57,64,60,60,60,69,77,74,79,57,61,66,69,61,70,61,63,71,64,69,60,72,56,66,65,71,62,58,61,56,10,13,12,12,11,10,12,9,13,12,1,1,63,60,2,0,0,0,0,0,0,0,2,0,0,0,7,6,7,7,5,7,9,10,10,10,10,11,11,10,10,82,56,12,12,61,60,60,61,61,61,73,60,63,55,56,57,57,62,57,57,56,62,60,58,59,74,68,71,60,59,60,63,60,61,64,82
Cygnus_buccinator_Trumpeter_swan,64,60,64,62,62,62,72,79,77,80,59,60,65,73,64,72,63,65,70,66,72,63,75,57,69,67,70,64,60,63,59,7,11,10,11,10,7,10,9,11,12,8,8,64,63,5,7,7,7,7,7,7,7,9,7,7,7,0,1,0,2,4,8,8,8,8,8,8,9,9,7,7,81,56,9,9,61,64,62,63,64,61,76,63,67,56,57,57,58,64,57,58,57,62,64,60,61,76,72,71,62,61,62,64,60,63,65,85
Cygnus_atratus_Black_swan,64,60,64,61,61,61,72,79,77,80,59,60,65,73,63,71,63,65,70,65,72,63,75,57,69,66,70,63,60,63,59,6,10,9,11,9,6,9,8,10,11,7,7,64,62,4,6,6,6,6,6,6,6,8,6,6,6,1,0,1,1,3,7,7,7,7,7,7,8,8,6,6,81,56,8,10,61,63,61,62,64,61,76,63,67,56,57,57,58,64,57,58,57,62,63,60,61,76,72,71,61,61,62,64,59,62,65,85
Cygnus_columbianus_Tundra_swan,64,60,64,62,62,62,72,79,77,80,59,60,65,73,64,72,63,65,70,66,72,63,75,57,69,67,70,64,60,63,59,7,11,10,11,10,7,10,9,11,12,8,8,64,63,5,7,7,7,7,7,7,7,9,7,7,7,0,1,0,2,4,8,8,8,8,8,8,9,9,7,7,81,56,9,9,61,64,62,63,64,61,76,63,67,56,57,57,58,64,57,58,57,62,64,60,61,76,72,71,62,61,62,64,60,63,65,85
Cygnus_olor_Mute_swan,64,60,64,61,61,61,72,79,77,80,59,59,65,73,63,71,63,65,70,65,72,63,75,57,69,66,70,63,60,63,59,6,9,8,10,9,6,8,9,9,10,8,8,64,62,5,7,7,7,7,7,7,7,9,7,7,7,2,1,2,0,3,7,7,6,6,6,6,7,7,6,6,81,56,8,10,61,63,61,62,64,61,76,63,67,56,57,57,58,64,57,58,57,62,63,60,61,76,72,71,61,61,62,64,59,62,65,85
Cygnus_melancoryphus_Black-necked_swan,63,59,64,62,62,62,72,77,78,80,59,60,65,72,63,69,63,65,70,66,72,62,75,56,69,67,70,64,59,62,58,5,10,9,11,8,5,9,9,10,11,6,6,65,62,3,5,5,5,5,5,5,5,7,5,5,5,4,3,4,3,0,4,4,7,7,7,7,8,8,5,5,82,57,7,9,62,62,62,63,63,62,77,62,65,55,56,57,57,64,57,57,56,61,62,60,61,74,71,72,62,61,62,65,60,63,64,84
Coscoroba_coscoroba_Coscoroba_swan,60,56,66,60,60,60,70,77,79,80,56,60,68,72,61,70,60,62,69,64,70,59,72,55,69,65,68,62,56,59,55,7,9,8,10,10,7,8,10,11,10,8,8,62,60,7,7,7,7,7,7,7,7,9,7,7,7,8,7,8,7,4,0,2,8,8,8,8,9,7,7,7,82,55,9,9,60,59,60,61,60,60,78,59,62,54,55,56,56,63,56,56,55,58,59,58,58,74,71,72,60,58,60,62,57,61,66,85
Cereopsis_novaehollandiae_Cape_Barren_goose,60,55,67,60,60,60,72,77,80,80,56,60,68,72,61,70,59,62,69,64,72,59,74,55,71,65,68,62,55,58,54,7,10,9,11,10,7,9,11,12,11,10,10,62,60,7,9,9,9,9,9,9,9,11,9,9,9,8,7,8,7,4,2,0,9,9,9,9,10,8,7,7,82,56,9,11,59,58,60,61,60,59,79,59,62,54,55,56,56,63,56,56,55,58,59,58,58,74,71,74,60,58,60,62,57,61,67,85
Chloephaga_picta_leucoptera_Southern_shelduck,62,58,65,60,60,60,71,77,78,80,56,58,67,70,62,71,60,62,70,65,71,61,74,57,67,66,69,62,57,61,57,6,4,3,5,8,6,3,4,3,5,11,11,64,60,9,10,10,10,10,10,10,10,12,10,10,10,8,7,8,6,7,8,9,0,0,0,0,1,1,6,6,81,56,7,8,61,61,60,61,62,61,77,61,64,56,57,57,58,65,57,58,57,60,61,59,59,74,69,71,60,60,60,63,58,61,65,82
Chloephaga_poliocephala_Ashy-headed_goose,62,58,65,60,60,60,71,77,78,80,56,58,67,70,62,71,60,62,70,65,71,61,74,57,67,66,69,62,57,61,57,6,4,3,5,8,6,3,4,3,5,11,11,64,60,9,10,10,10,10,10,10,10,12,10,10,10,8,7,8,6,7,8,9,0,0,0,0,1,1,6,6,81,56,7,8,61,61,60,61,62,61,77,61,64,56,57,57,58,65,57,58,57,60,61,59,59,74,69,71,60,60,60,63,58,61,65,82
Chloephaga_hybrida_malvinarum_Kelp_goose,62,58,65,60,60,60,71,77,78,80,56,58,67,70,62,71,60,62,70,65,71,61,74,57,67,66,69,62,57,61,57,6,4,3,5,8,6,3,4,3,5,11,11,64,60,9,10,10,10,10,10,10,10,12,10,10,10,8,7,8,6,7,8,9,0,0,0,0,1,1,6,6,81,56,7,8,61,61,60,61,62,61,77,61,64,56,57,57,58,65,57,58,57,60,61,59,59,74,69,71,60,60,60,63,58,61,65,82
Chloephaga_rubidiceps_Ruddy-headed_goose,62,58,65,60,60,60,71,77,78,80,56,58,67,70,62,71,60,62,70,65,71,61,74,57,67,66,69,62,57,61,57,6,4,3,5,8,6,3,4,3,5,11,11,64,60,9,10,10,10,10,10,10,10,12,10,10,10,8,7,8,6,7,8,9,0,0,0,0,1,1,6,6,81,56,7,8,61,61,60,61,62,61,77,61,64,56,57,57,58,65,57,58,57,60,61,59,59,74,69,71,60,60,60,63,58,61,65,82
Chloephaga_melanoptera_Andean_goose,63,58,66,60,60,60,71,77,78,80,56,58,68,70,62,71,60,62,71,65,71,62,74,57,67,67,69,62,57,61,57,7,5,4,6,9,7,4,5,4,6,12,12,64,60,10,11,11,11,11,11,11,11,13,11,11,11,9,8,9,7,8,9,10,1,1,1,1,0,2,7,7,82,56,8,9,61,62,60,61,62,61,77,61,64,56,57,57,58,65,57,58,57,60,61,59,60,74,69,71,60,61,60,64,59,61,66,82
Neochen_jubata_Orinoco_goose,61,57,65,59,59,59,72,77,79,79,55,57,67,70,61,72,59,61,69,64,72,60,74,56,68,65,68,61,56,60,56,7,3,2,6,9,7,2,5,4,4,12,12,63,59,10,11,11,11,11,11,11,11,13,11,11,11,9,8,9,7,8,7,8,1,1,1,1,2,0,7,7,81,55,8,9,60,60,59,60,61,60,78,60,63,55,56,56,57,64,56,57,56,59,60,58,58,74,69,72,59,59,59,62,57,60,65,83
Oxyura_ferruginea_Andean_duck,63,60,63,61,61,61,70,77,79,81,58,61,64,72,63,70,62,64,68,65,70,62,73,58,69,66,69,63,58,63,59,0,8,7,9,4,0,7,7,9,9,11,11,65,61,8,10,10,10,10,10,10,10,12,10,10,10,7,6,7,6,5,7,7,6,6,6,6,7,7,0,0,81,59,3,5,59,60,61,62,63,59,78,62,63,57,58,56,59,63,58,59,58,60,62,59,60,74,71,72,61,61,61,63,59,62,64,83
Oxyura_jamaicensis_jamaicensis_Ruddy_duck,63,60,63,61,61,61,70,77,79,81,58,61,64,72,63,70,62,64,68,65,70,62,73,58,69,66,69,63,58,63,59,0,8,7,9,4,0,7,7,9,9,11,11,65,61,8,10,10,10,10,10,10,10,12,10,10,10,7,6,7,6,5,7,7,6,6,6,6,7,7,0,0,81,59,3,5,59,60,61,62,63,59,78,62,63,57,58,56,59,63,58,59,58,60,62,59,60,74,71,72,61,61,61,63,59,62,64,83
Torpedo_marmorata_Marbled_electric_ray,82,79,84,78,78,78,91,91,82,88,77,82,85,87,78,86,79,77,86,80,91,80,90,82,94,80,88,79,79,82,79,81,80,80,81,80,81,80,80,82,79,82,82,79,80,83,82,82,82,82,82,82,82,81,82,82,82,81,81,81,81,82,82,82,81,81,81,81,82,81,81,81,0,84,80,80,80,80,78,78,81,80,82,81,79,83,83,84,81,86,83,83,83,79,80,77,76,88,86,91,78,78,79,77,77,79,85,93
Aldabrachelys_gigantea_Seychelles_giant_tortoise,58,49,65,51,51,51,71,79,76,75,53,58,66,76,51,67,54,51,67,51,69,51,70,40,73,53,56,51,53,52,50,59,56,56,57,61,59,56,58,57,58,56,57,49,51,57,56,56,56,56,56,56,56,58,56,56,56,56,56,56,56,57,55,56,56,56,56,56,56,55,59,59,84,0,60,59,52,53,51,51,48,53,73,47,54,38,40,41,42,49,41,40,40,49,48,51,52,75,73,73,51,56,52,51,50,52,65,85
Malacorhynchus_membranaceus_Pink-eared_duck,62,59,63,60,60,60,70,76,78,80,58,60,66,71,62,70,62,63,69,64,70,61,73,59,68,65,68,62,58,62,58,3,9,8,10,5,3,8,8,8,10,13,13,64,60,10,12,12,12,12,12,12,12,14,12,12,12,9,8,9,8,7,9,9,7,7,7,7,8,8,3,3,80,60,0,4,59,59,60,61,62,59,77,61,62,58,59,57,60,65,59,60,59,59,61,59,59,73,70,71,60,61,60,63,58,61,66,82
Biziura_lobata_Musk_duck,62,59,63,61,61,61,69,76,77,80,57,60,67,71,63,71,61,63,69,65,69,61,72,58,68,66,68,63,57,62,58,5,10,9,10,5,5,9,9,11,11,13,13,64,61,12,12,12,12,12,12,12,12,14,12,12,12,9,10,9,10,9,9,11,8,8,8,8,9,9,5,5,80,59,4,0,60,60,61,62,62,60,76,61,62,57,58,56,59,64,58,59,58,59,62,58,59,73,70,71,61,61,60,64,59,62,66,82
Tursiops_truncatus_Bottlenose_dolphin,34,28,64,23,23,23,68,76,74,74,27,45,62,65,25,68,28,31,65,28,67,31,70,46,71,31,62,25,25,34,31,59,61,60,60,59,59,60,61,63,60,61,61,32,25,61,61,61,61,61,61,61,61,61,61,61,61,61,61,61,61,62,60,59,61,61,61,61,61,60,59,59,80,52,59,60,0,33,23,24,29,2,75,29,25,45,46,41,48,51,44,44,46,31,28,28,31,74,64,76,23,35,23,28,30,24,61,87
Castor_fiber_European_beaver,37,31,60,28,28,28,75,74,76,77,28,46,60,70,30,66,27,29,66,29,72,32,75,46,74,30,60,28,27,36,31,60,62,61,62,59,60,61,62,62,60,61,60,32,28,61,60,60,60,60,60,60,60,60,60,60,60,64,63,64,63,62,59,58,61,61,61,61,62,60,60,60,80,53,59,60,33,0,28,30,33,33,74,32,30,45,43,43,48,51,45,44,43,28,30,31,28,75,70,75,28,33,29,29,30,29,59,87
Pan_troglodytes_Chimpanzee,31,20,60,0,0,0,74,75,70,73,19,38,62,64,3,62,19,19,62,18,72,21,75,44,70,22,55,2,18,26,21,61,59,58,59,61,61,58,59,62,58,60,60,19,5,61,60,60,60,60,60,60,60,60,60,60,60,62,61,62,61,62,60,60,60,60,60,60,60,59,61,61,78,51,60,61,23,28,0,2,20,22,70,20,20,43,42,43,47,52,43,43,42,26,17,11,20,73,63,69,0,28,6,25,21,1,59,84
Pongo_abelii_Sumatran_orangutan,32,22,60,2,2,2,75,75,70,72,21,39,62,65,1,63,20,19,62,19,73,21,76,45,72,20,56,2,18,28,23,62,60,59,60,62,62,59,60,63,59,61,61,21,5,62,61,61,61,61,61,61,61,61,61,61,61,63,62,63,62,63,61,61,61,61,61,61,61,60,62,62,78,51,61,62,24,30,2,0,20,23,71,20,20,44,44,44,48,52,44,44,44,28,18,13,21,73,64,70,2,30,8,25,23,3,59,85
Odobenus_rosmarus_divergens_Pacific_walrus,31,24,61,20,20,20,72,74,69,73,28,39,63,65,20,64,28,24,66,23,69,3,72,44,71,26,57,20,29,30,26,63,62,61,60,63,63,61,62,63,61,61,61,16,21,62,61,61,61,61,61,61,61,61,61,61,61,64,64,64,64,63,60,60,62,62,62,62,62,61,63,63,81,48,62,62,29,33,20,20,0,28,70,2,23,43,44,45,46,50,44,43,44,29,8,27,22,74,64,70,20,28,22,28,24,21,62,81
Delphinapterus_leucas_Beluga_whale,34,29,64,22,22,22,69,76,74,74,26,44,62,65,24,68,27,31,65,27,68,30,71,46,70,30,62,24,24,35,31,59,61,60,60,59,59,60,61,63,60,61,61,31,24,61,61,61,61,61,61,61,61,61,61,61,61,61,61,61,61,62,60,59,61,61,61,61,61,60,59,59,80,53,59,60,2,33,22,23,28,0,75,28,24,45,46,42,47,51,43,43,46,30,27,27,30,74,64,76,22,35,22,28,30,23,61,86
Liparis_tanakae_Tanakas_snailfish,77,73,78,70,70,70,45,46,8,54,75,69,81,54,71,77,73,71,81,71,43,72,42,74,47,73,79,70,75,78,72,78,78,78,77,77,78,78,76,77,77,73,73,70,72,75,73,73,73,73,73,73,73,75,73,73,73,76,76,76,76,77,78,79,77,77,77,77,77,78,78,78,82,73,77,76,75,74,70,71,70,75,0,70,73,73,72,76,75,77,75,74,72,77,70,72,70,47,51,41,70,74,70,77,72,71,82,67
Zalophus_californianus_California_sea_lion,31,25,62,20,20,20,72,74,69,73,28,39,64,64,20,65,28,24,66,22,69,5,72,43,70,25,57,20,29,31,27,62,61,60,59,62,62,60,61,62,60,60,60,15,21,61,60,60,60,60,60,60,60,60,60,60,60,63,63,63,63,62,59,59,61,61,61,61,61,60,62,62,81,47,61,61,29,32,20,20,2,28,70,0,24,42,43,44,45,52,43,42,43,28,7,27,22,73,63,70,20,29,22,28,25,21,63,81
Octodon_degus_Common_degu,30,25,62,20,20,20,71,74,72,73,24,42,62,64,20,64,26,28,62,25,69,24,72,48,71,26,58,20,25,31,26,63,63,62,61,63,63,62,63,65,62,63,63,28,19,64,63,63,63,63,63,63,63,63,63,63,63,67,67,67,67,65,62,62,64,64,64,64,64,63,63,63,79,54,62,62,25,30,20,20,23,24,73,24,0,47,47,45,48,54,48,47,47,21,24,26,28,72,63,75,20,33,20,23,26,21,58,85
Dromas_ardeola_Crab-plover,46,44,63,43,43,43,74,73,73,74,42,51,63,66,44,69,43,45,65,43,71,46,75,4,72,47,57,43,42,47,42,57,56,55,56,59,57,55,57,59,57,55,55,41,41,55,55,55,55,55,55,55,55,55,55,55,55,56,56,56,56,55,54,54,56,56,56,56,56,55,57,57,83,38,58,57,45,45,43,44,43,45,73,42,47,0,4,8,10,17,8,7,4,41,39,45,44,71,65,74,43,50,42,46,38,44,62,87
Alca_torda_Razorbill,48,45,63,42,42,42,73,73,73,75,43,50,64,67,44,69,44,45,64,44,70,46,74,4,72,48,57,42,43,48,43,58,57,56,57,59,58,56,58,60,57,56,56,41,40,56,56,56,56,56,56,56,56,56,56,56,56,57,57,57,57,56,55,55,57,57,57,57,57,56,58,58,83,40,59,58,46,43,42,44,44,46,72,43,47,4,0,7,11,20,8,5,0,41,40,44,45,71,67,74,42,50,41,47,39,43,63,86
Chionis_minor_Black-faced_sheathbill,51,46,64,43,43,43,73,75,76,77,44,53,65,71,45,69,46,44,65,41,70,47,73,6,74,48,59,43,45,49,48,56,57,56,57,57,56,56,58,60,57,57,57,45,42,57,57,57,57,57,57,57,57,57,57,57,57,57,57,57,57,57,56,56,57,57,57,57,57,56,56,56,84,41,57,56,41,43,43,44,45,42,76,44,45,8,7,0,10,21,7,5,7,43,42,47,46,73,71,76,43,54,43,46,42,44,63,85
Ibidorhyncha_struthersii_Ibisbill,49,47,64,47,47,47,74,74,75,76,45,54,66,69,48,69,48,46,65,46,71,48,74,10,71,52,59,47,48,50,47,59,58,57,58,61,59,57,59,61,59,57,57,46,46,57,57,57,57,57,57,57,57,57,57,57,57,58,58,58,58,57,56,56,58,58,58,58,58,57,59,59,81,42,60,59,48,48,47,48,46,47,75,45,48,10,11,10,0,23,9,8,11,43,44,49,45,72,69,75,47,53,47,50,43,48,65,87
Herpetotheres_cachinnans_Laughing_falcon,57,51,60,52,52,52,73,78,77,74,53,60,61,72,52,74,49,52,65,51,72,53,75,20,79,52,61,51,52,54,50,63,65,64,63,62,63,64,64,68,62,62,62,53,50,62,62,62,62,62,62,62,62,61,62,62,62,64,64,64,64,64,63,63,65,65,65,65,65,64,63,63,86,49,65,64,51,51,52,52,50,51,77,52,54,17,20,21,23,0,19,22,20,51,52,52,53,78,72,78,52,57,52,51,49,53,60,89
Nycticryphes_semicollaris_Night_parrot,49,46,62,43,43,43,74,74,75,75,43,53,63,69,45,69,45,43,65,42,71,47,76,6,71,49,58,43,44,49,46,58,57,56,57,59,58,56,58,60,57,57,57,45,42,57,57,57,57,57,57,57,57,57,57,57,57,57,57,57,57,57,56,56,57,57,57,57,57,56,58,58,83,41,59,58,44,45,43,44,44,43,75,43,48,8,8,7,9,19,0,5,8,43,41,46,44,72,69,75,43,52,43,47,40,44,61,85
Himantopus_himantopus_Black-winged_stilt,49,45,63,43,43,43,74,74,74,76,44,50,64,70,44,70,46,45,65,42,71,45,75,5,72,48,57,43,45,48,46,59,58,57,58,60,59,57,59,61,58,57,57,43,42,57,57,57,57,57,57,57,57,57,57,57,57,58,58,58,58,57,56,56,58,58,58,58,58,57,59,59,83,40,60,59,44,44,43,44,43,43,74,42,47,7,5,5,8,22,5,0,5,42,40,46,46,72,70,76,43,52,43,46,42,44,63,86
Cepphus_grylle_Black_guillemot,48,45,63,42,42,42,73,73,73,75,43,50,64,67,44,69,44,45,64,44,70,46,74,4,72,48,57,42,43,48,43,58,57,56,57,59,58,56,58,60,57,56,56,41,40,56,56,56,56,56,56,56,56,56,56,56,56,57,57,57,57,56,55,55,57,57,57,57,57,56,58,58,83,40,59,58,46,43,42,44,44,46,72,43,47,4,0,7,11,20,8,5,0,41,40,44,45,71,67,74,42,50,41,47,39,43,63,86
Jaculus_jaculus_Lesser_Egyptian_jerboa,29,27,60,26,26,26,68,76,78,72,27,40,59,66,28,63,27,30,66,31,66,30,69,43,71,31,56,26,26,32,27,60,58,57,56,61,60,57,58,62,58,62,63,28,24,61,62,62,62,62,62,62,62,60,62,62,62,62,62,62,62,61,58,58,60,60,60,60,60,59,60,60,79,49,59,59,31,28,26,28,29,30,77,28,21,41,41,43,43,51,43,42,41,0,28,28,26,74,66,75,26,34,25,30,27,27,57,88
Mustela_putorius_furo_Domesticated_ferret,29,24,62,17,17,17,73,72,69,73,27,38,62,63,18,66,26,23,66,19,70,9,73,40,72,23,57,17,27,30,25,62,61,60,61,62,62,60,61,62,60,60,60,11,18,61,60,60,60,60,60,60,60,60,60,60,60,64,63,64,63,62,59,59,61,61,61,61,61,60,62,62,80,48,61,62,28,30,17,18,8,27,70,7,24,39,40,42,44,52,41,40,40,28,0,25,23,71,62,71,17,30,20,27,20,18,61,83
Papio_anubis_Olive_baboon,34,23,57,11,11,11,76,75,72,73,24,40,59,64,13,64,23,23,61,24,73,28,75,46,71,26,54,13,22,29,21,59,59,58,58,59,59,58,59,61,58,59,58,26,14,59,58,58,58,58,58,58,58,58,58,58,58,60,60,60,60,60,58,58,59,59,59,59,59,58,59,59,77,51,59,58,28,31,11,13,27,27,72,27,26,45,44,47,49,52,46,46,44,28,25,0,24,73,63,70,11,31,9,28,27,12,56,85
Sorex_araneus_Common_shrew,29,23,60,20,20,20,74,73,71,70,20,44,63,59,22,66,20,21,62,27,71,22,74,46,70,28,53,19,19,29,23,60,59,58,58,61,60,58,59,61,59,59,59,25,19,60,59,59,59,59,59,59,59,59,59,59,59,61,61,61,61,61,58,58,59,59,59,59,60,58,60,60,76,52,59,59,31,28,20,21,22,30,70,22,28,44,45,46,45,53,44,46,45,26,23,24,0,72,57,71,20,27,19,26,18,21,61,83
Gadus_morhua_Atlantic_cod,74,73,83,73,73,73,56,7,47,45,73,72,86,49,73,81,72,71,83,76,56,74,58,72,38,79,77,73,73,76,72,74,74,74,76,75,74,74,75,75,75,74,75,75,71,75,74,74,74,74,74,74,74,76,74,74,74,76,76,76,76,74,74,74,74,74,74,74,74,74,74,74,88,75,73,73,74,75,73,73,74,74,47,73,72,71,71,73,72,78,72,72,71,74,71,73,72,0,49,42,73,78,72,77,74,74,87,67
Oncorhynchus_mykiss_Rainbow_trout,62,61,74,63,63,63,64,50,53,55,58,68,75,6,64,74,56,62,80,67,62,65,66,69,45,66,73,63,57,64,59,71,69,69,69,71,71,69,68,70,69,68,68,60,60,69,68,68,68,68,68,68,68,70,68,68,68,72,72,72,72,71,71,71,69,69,69,69,69,69,71,71,86,73,70,70,64,70,63,64,64,64,51,63,63,65,67,71,69,72,69,70,67,66,62,63,57,49,0,51,63,66,60,66,57,64,75,74
Anoplopoma_fimbria_Sablefish,74,72,75,69,69,69,43,43,43,47,73,74,79,53,70,74,70,71,81,74,46,72,47,76,22,76,76,69,72,74,71,72,72,72,72,74,72,72,71,71,73,71,71,68,70,71,71,71,71,71,71,71,71,73,71,71,71,71,71,71,71,72,72,74,71,71,71,71,71,72,72,72,91,73,71,71,76,75,69,70,70,76,41,70,75,74,74,76,75,78,75,76,74,75,71,70,71,42,51,0,69,75,71,75,74,70,79,65
Homo_sapiens_Human,31,20,60,0,0,0,74,75,70,73,19,38,62,64,3,62,19,19,62,18,72,21,75,44,70,22,55,2,18,26,21,61,59,58,59,61,61,58,59,62,58,60,60,19,5,61,60,60,60,60,60,60,60,60,60,60,60,62,61,62,61,62,60,60,60,60,60,60,60,59,61,61,78,51,60,61,23,28,0,2,20,22,70,20,20,43,42,43,47,52,43,43,42,26,17,11,20,73,63,69,0,28,6,25,21,1,59,84
Scalopus_aquaticus_Eastern_mole,33,28,62,28,28,28,76,78,76,78,26,51,64,67,30,69,27,32,64,33,73,28,77,52,73,35,58,30,26,34,27,61,60,59,59,61,61,59,60,61,59,59,59,31,28,60,59,59,59,59,59,59,59,60,59,59,59,61,61,61,61,61,58,58,60,60,60,60,61,59,61,61,78,56,61,61,35,33,28,30,28,35,74,29,33,50,50,54,53,57,52,52,50,34,30,31,27,78,66,75,28,0,28,31,27,29,63,87
Macaca_mulatta_Rhesus_macaque,31,19,62,6,6,6,74,74,70,73,19,36,64,61,9,64,17,19,62,20,71,23,74,44,70,24,56,8,16,25,18,61,59,58,58,61,61,58,59,62,58,60,60,21,7,61,60,60,60,60,60,60,60,60,60,60,60,62,62,62,62,62,60,60,60,60,60,60,60,59,61,61,79,52,60,60,23,29,6,8,22,22,70,22,20,42,41,43,47,52,43,43,41,25,20,9,19,72,60,71,6,28,0,26,22,7,61,83
Oryctolagus_cuniculus_European_rabbit,31,25,59,25,25,25,74,79,76,77,27,49,58,67,25,71,27,27,66,26,72,28,73,47,76,24,61,25,28,31,27,63,63,62,62,64,63,62,63,64,62,63,63,30,27,64,63,63,63,63,63,63,63,62,63,63,63,64,64,64,64,65,62,62,63,63,63,63,64,62,63,63,77,51,63,64,28,29,25,25,28,28,77,28,23,46,47,46,50,51,47,46,47,30,27,28,26,77,66,75,25,31,26,0,27,26,56,86
Condylura_cristata_Star-nosed_mole,27,24,60,21,21,21,76,75,73,73,23,46,58,59,24,67,22,26,60,26,73,24,78,41,71,29,54,21,23,30,22,59,58,57,58,60,59,57,58,60,58,60,60,21,19,61,60,60,60,60,60,60,60,60,60,60,60,60,59,60,59,60,57,57,58,58,58,58,59,57,59,59,77,50,58,59,30,30,21,23,24,30,72,25,26,38,39,42,43,49,40,42,39,27,20,27,18,74,57,74,21,27,22,27,0,22,56,89
Homo_sapiens_Human,31,21,61,1,1,1,75,76,71,74,20,38,63,65,4,63,20,20,63,19,73,22,76,45,70,23,56,3,19,27,22,62,60,59,60,62,62,59,60,63,59,61,61,20,6,62,61,61,61,61,61,61,61,61,61,61,61,63,62,63,62,63,61,61,61,61,61,61,61,60,62,62,79,52,61,62,24,29,1,3,21,23,71,21,21,44,43,44,48,53,44,44,43,27,18,12,21,74,64,70,1,29,7,26,22,0,60,85
Xenopus_laevis_African_clawed_frog,60,58,26,59,59,59,81,88,83,84,61,69,7,77,59,69,60,59,72,59,80,62,82,64,80,58,72,58,60,62,57,64,66,66,66,64,64,66,65,65,65,65,64,63,59,63,64,64,64,64,64,64,64,63,64,64,64,65,65,65,65,64,66,67,65,65,65,65,66,65,64,64,85,65,66,66,61,59,59,59,62,61,82,63,58,62,63,63,65,60,61,63,63,57,61,56,61,87,75,79,59,63,61,56,56,60,0,94
Sphoeroides_nephelus_Southern_puffer,87,86,93,84,84,84,73,68,66,64,84,85,94,75,85,95,87,82,94,83,72,81,75,86,61,85,89,85,87,88,86,83,83,83,83,83,83,83,82,81,83,82,82,84,85,83,82,82,82,82,82,82,82,82,82,82,82,85,85,85,85,84,85,85,82,82,82,82,82,83,83,83,93,85,82,82,87,87,84,85,81,86,67,81,85,87,86,85,87,89,85,86,86,88,83,85,83,67,74,65,84,87,83,86,89,85,94,0
